"1","
<!-- rnb-source-begin eyJkYXRhIjoiYGBgclxuIyMjIFBlcmNlbnRhZ2Ugb2YgY29tcGV0aXRpdmUgY2hvaWNlcyBieSByaXZhbC0tLS1cblxubGlicmFyeShnZ3B1YnIpXG5saWJyYXJ5KG1hZ3JpdHRyKVxubGlicmFyeSh0aWR5dmVyc2UpXG5saWJyYXJ5KHBsb3RyaXgpXG5cbmIxIDwtIGRhdG9zTGltcGlvcyAlPiVcbiAgICBncm91cF9ieShjb2RlLGdhbWVfdHlwZSxyaXZhbCkgJT4lIFxuICBkcGx5cjo6c3VtbWFyaXNlKG49bigpKSAgXG5cbmIxICU+JSAgXG4gIGZpbHRlcihnYW1lX3R5cGUhPSBcIlwiKSAlPiUgXG4gIGZpbHRlcihnYW1lX3R5cGUgPT0gJ2NvbXBldGl0aXZlJykgJT4lXG4gIG11dGF0ZShyaXZhbCA9IGFzLmZhY3RvcihyaXZhbCksXG4gICAgICAgICAgICAgIGdhbWVfdHlwZSA9IGFzLmZhY3RvcihnYW1lX3R5cGUpKSAlPiVcbiAgZ3JvdXBfYnkoZ2FtZV90eXBlLCByaXZhbCkgJT4lXG4gIGRwbHlyOjpzdW1tYXJpc2UoXG4gICAgbWVhbiA9IG1lYW4obikqMTAwLzMyLFxuICAgIHNkID0gc3RkLmVycm9yKG4pLFxuICAgIG4gPSBuKCkpICU+JVxuICBnZ3Bsb3QoYWVzKHggPSByaXZhbCwgeSA9IG1lYW4sIGZpbGwgPSByaXZhbCkpICtcbiAgZ2VvbV9jb2wocG9zaXRpb24gPSBwb3NpdGlvbl9kb2RnZSgpLCBmaWxsID0gXCJncmV5NjBcIikgKyAgIyBDb2xvciBncmlzIHVuaWZvcm1lXG4gIGdlb21fZXJyb3JiYXIoXG4gICAgYWVzKHltaW4gPSBtZWFuIC0gc2QsIHltYXggPSBtZWFuICsgc2QpLCBcbiAgICBwb3NpdGlvbiA9IHBvc2l0aW9uX2RvZGdlMihwYWRkaW5nID0gMC41KVxuICApICtcbiAgbGFicyhcbiAgICB4ID0gJ1JpdmFsIENhdGVnb3J5JyxcbiAgICB5ID0gJ1BlcmNlbnRhZ2Ugb2YgY29tcGV0aXRpdmUgY2hvaWNlcycsICAjIEVqZSBZIGVuIGluZ2zDqXNcbiAgICB0aXRsZSA9IFwiQ29tcGV0aXRpdmUgQ2hvaWNlcyBieSBSaXZhbCBDYXRlZ29yeVwiICAjIFTDrXR1bG8gYWdyZWdhZG9cbiAgKSArIFxuICBzY2FsZV94X2Rpc2NyZXRlKGxhYmVscyA9IGMoXCIxXCIsXCIyXCIsXCIzXCIsXCI0XCIpKSArXG4gIHNjYWxlX3lfY29udGludW91cyhsYWJlbHMgPSBmdW5jdGlvbih4KSBwYXN0ZTAoeCwgXCIlXCIpKSArICAjIEFncmVnYXIgc2lnbm9zIGRlICVcbiAgZ3VpZGVzKGZpbGwgPSBcIm5vbmVcIikgKyAgIyBFbGltaW5hIGxhIGxleWVuZGEgeWEgcXVlIG5vIGhheSBjb2xvcmVzIGRpZmVyZW50ZXNcbiAgdGhlbWUoXG4gICAgYXhpcy50ZXh0ID0gZWxlbWVudF90ZXh0KHNpemUgPSAxNCksICAgICAgIyBUZXh0byBkZSBlamVzIG3DoXMgZ3JhbmRlXG4gICAgYXhpcy50aXRsZSA9IGVsZW1lbnRfdGV4dChzaXplID0gMTYpLCAgICAgIyBUw610dWxvcyBkZSBlamVzIG3DoXMgZ3JhbmRlc1xuICAgIGF4aXMudGl0bGUueSA9IGVsZW1lbnRfdGV4dChzaXplID0gMTYpLCAgICMgVMOtdHVsbyBkZWwgZWplIFkgbcOhcyBncmFuZGVcbiAgICBwbG90LnRpdGxlID0gZWxlbWVudF90ZXh0KHNpemUgPSAxOCwgaGp1c3QgPSAwLjUpICAjIFTDrXR1bG8gbcOhcyBncmFuZGUgeSBjZW50cmFkb1xuICApXG5gYGAifQ== -->

```r
### Percentage of competitive choices by rival----

library(ggpubr)
library(magrittr)
library(tidyverse)
library(plotrix)

b1 <- datosLimpios %>%
    group_by(code,game_type,rival) %>% 
  dplyr::summarise(n=n())  

b1 %>%  
  filter(game_type!= \"\") %>% 
  filter(game_type == 'competitive') %>%
  mutate(rival = as.factor(rival),
              game_type = as.factor(game_type)) %>%
  group_by(game_type, rival) %>%
  dplyr::summarise(
    mean = mean(n)*100/32,
    sd = std.error(n),
    n = n()) %>%
  ggplot(aes(x = rival, y = mean, fill = rival)) +
  geom_col(position = position_dodge(), fill = \"grey60\") +  # Color gris uniforme
  geom_errorbar(
    aes(ymin = mean - sd, ymax = mean + sd), 
    position = position_dodge2(padding = 0.5)
  ) +
  labs(
    x = 'Rival Category',
    y = 'Percentage of competitive choices',  # Eje Y en inglés
    title = \"Competitive Choices by Rival Category\"  # Título agregado
  ) + 
  scale_x_discrete(labels = c(\"1\",\"2\",\"3\",\"4\")) +
  scale_y_continuous(labels = function(x) paste0(x, \"%\")) +  # Agregar signos de %
  guides(fill = \"none\") +  # Elimina la leyenda ya que no hay colores diferentes
  theme(
    axis.text = element_text(size = 14),      # Texto de ejes más grande
    axis.title = element_text(size = 16),     # Títulos de ejes más grandes
    axis.title.y = element_text(size = 16),   # Título del eje Y más grande
    plot.title = element_text(size = 18, hjust = 0.5)  # Título más grande y centrado
  )
```

<!-- rnb-source-end -->
"
"0","```r
### Percentage of competitive choices by rival----

library(ggpubr)
library(magrittr)
library(tidyverse)
library(plotrix)

b1 <- datosLimpios %>%
    group_by(code,game_type,rival) %>% 
  dplyr::summarise(n=n())  

b1 %>%  
  filter(game_type!= \"\") %>% 
  filter(game_type == 'competitive') %>%
  mutate(rival = as.factor(rival),
              game_type = as.factor(game_type)) %>%
  group_by(game_type, rival) %>%
  dplyr::summarise(
    mean = mean(n)*100/32,
    sd = std.error(n),
    n = n()) %>%
  ggplot(aes(x = rival, y = mean, fill = rival)) +
  geom_col(position = position_dodge(), fill = \"grey60\") +  # Color gris uniforme
  geom_errorbar(
    aes(ymin = mean - sd, ymax = mean + sd), 
    position = position_dodge2(padding = 0.5)
  ) +
  labs(
    x = 'Rival Category',
    y = 'Percentage of competitive choices',  # Eje Y en inglés
    title = \"Competitive Choices by Rival Category\"  # Título agregado
  ) + 
  scale_x_discrete(labels = c(\"1\",\"2\",\"3\",\"4\")) +
  scale_y_continuous(labels = function(x) paste0(x, \"%\")) +  # Agregar signos de %
  guides(fill = \"none\") +  # Elimina la leyenda ya que no hay colores diferentes
  theme(
    axis.text = element_text(size = 14),      # Texto de ejes más grande
    axis.title = element_text(size = 16),     # Títulos de ejes más grandes
    axis.title.y = element_text(size = 16),   # Título del eje Y más grande
    plot.title = element_text(size = 18, hjust = 0.5)  # Título más grande y centrado
  )
```"
"1","
<!-- rnb-plot-begin eyJoZWlnaHQiOjQzMi42MzI5LCJ3aWR0aCI6NzAwLCJkcGkiOi0xLCJzaXplX2JlaGF2aW9yIjowLCJjb25kaXRpb25zIjpbXX0= -->

<img src=\"data:image/png;base64,iVBORw0KGgoAAAANSUhEUgAAAwIAAAHbCAIAAAD3cLohAAAACXBIWXMAABAlAAAQJQEuD214AAAgAElEQVR4nOzdZ0AURxsH8Jnda/SOVAFBxQoW7A2NqFgDIrEnGksssea1JlExmthLEmsSY68olthLLFHsFbACFnrvcHe77wcsVN3DO/G8/++T3u7tPrczt/cwO4XyPE8AAAAAdA9T2QEAAAAAVA6kQQAAAKCjkAYBAACAjkIaBAAAADoKaRAAAADoKKRBAAAAoKOQBgEAAICOQhoEmqFIvLb9l/F923u62lsYyqQGplVcPLwDxi4Mvp2srOzYPqCCI19bsZR1GHWqQA27aZwqpaa4NctDTKlen935ao7iY7kaZSs4+Y0dS1m7b05qODr5+QnVRLRMDCsxMLOr2azbsLk7bqVwxeP7IFdP/t9kNxFljPrtFV76uCfARwlpEKhf1q21AxtUb9Jv6vLtp289iUnJzi/ISU+Iun1m96//692oTruph2M+xdseF7NjlHfr1u0n7k9525ykAnf74HS01LQSz8lz0mIfhB5a/33fpg37rL//MeaLxWiwdn2sXyjQFqLKDgA+NdmXf+rS+YfzqRw1qN75q6/7dW7m7mAmzk9+GhZ6fNdfG4/cjz+/oLcvPXp+fivDyo5VzfJibv93/gLVG/DmR4mauTVr2SrDwtWEUXW3D+qjKrVKvxofFdZ56NaD33kUu1Vz8uyUp7eP//nLouCI7Ojgb79a3urcd+4sIeSjvHoarl1lfKEAVMADqA8Xf2Coq5gSqld76PZHOaW25z7aMqCamBIq8fjhekElBKhJysdLWkoIkXZcHcu9/24fUMVKTX7zx/oiQmQBu/I+aLSVLf/ESFuGMLYjT+Rr9kQF58a7sISw1b+7JC97D2XMtj42DCFEVGfm9XL20VRwFya5soQa9g1+V+lr/J7w8X2hQLt8NH8vwKcgP3TRd38/llOzTksPrAl01Su1g8y178rFgdYMX3Bn/apTOWo4JZ+flZmreJ/GcEV+boFSl1vTK6HUQC0YW7/hvWwYQpSP74bnVnY0ZUPtKo7LTEpBq9XHBWkQqA2fFLzojwcKKq4/fsHQamzZO1HTjn272UpETPLpYzfkxTZlPzy4cFTPptVtzfRlBuZ2NZt/PnrRwYfZJQ5Q2DNXXP+HG0nXVg9pam9mYmIgkRpZu7UI/HHf4zxCCJ924+/v/Jq6WhvJpIbWbi36zNx9v8jdtbCLq7TN8qj0u3+Pbe9maWggE0sMLKvW7/jlnJ33MsrMiPiMsD0/DfNtVK2Kib6BhVOdZt1HLT0Ykf6qc2r+/oEmDOs68UIBIfnHR9oylDHsG5xPiPz0GMc3/VWF7nZmrLOIUlGN7y7JS0VScGGSm4hSkeuE8/lCw3ub9y21wtPf2jQ1sGUNWzN9mb55VY9Ow5eceFbWvV5YERe/GkVPc29n0JBOnk5WRnr6ZnY1mvt9u+J4dOkuugKvBpdyY+usrzo1qmZtJJPIjKyrNew8dO6esEzhKXHB02OLhnfyqGppKDMwd6jTrv+Mjdde9/bN2NPPgqWMqf+2Ul1W+LSdgeYMZUz9tia/XwLO2tjbsITwfF5u3ssjvWddyn9+ds3/+n3m6VLFRE8i0Te1qe7VZcic7bdShVSmUt6zdr0rmHK/UK9Or8L3gk+9vnFqnxbVbYz1DS2dG3X/dtWFeHncGh8ZZasMO1qyNgu8WV2e6i6mkgZBd5V86pU1w9u5WRpY99mWkCasbrzr6oKaVHZzFHw6Urf5G1NCJC0WP1Kq+t78R1sHu+vRUvWT6rl/ue1x0acPhc9iRG69BrUxZwghVCyTigrfSFm7gI0Xdw6pKaOEUrFMyr48IGMXuD3mVUyFDzUkTYZN8DYv9WcAlbkN2PyoxNOO7Ltre7tISwVHJVW7L7+WyfM8X/Dv9229GtdzNGQIYYydPBo39mo9/VQ+zxecGu3AEMb+m5P5wnfj88+Oc2EJEdWcElryKUH+2fEuLCGiOjOvyQWHp5FSe/VQzG/59hG19CkhlJXqSZmXRSFy/GL782IHFF7EJa5GodzwP/pUK/0pGeNGk47GFzmRwKuRH7Hu86riMqIx8Jx8KuVtD1dePRQbvOSXjlZsiSNQkUOP325n8zzP82m7As0ooaZ9dqQWPwKXvM3flBLGPHBX6lvO9O6HYjxfcHqMI0sIU2XY0VcPp96jLnFJp6Y3L/2lIIRQWc0RB+KLBCvwodh73BOEBFPuF4rnVfteFDze3M+1xL5UZOc7/ZvmEsJYf32kaP1U4WYVOqWmiIg9Z1+8ENTClCGEUtbAZ/Vz5fvWDVAnpEGgNmfHObOEsK6T/lP1CX/25e8b6lFCGHOvEb8euf0sJT352a3DK75uZMYQQvUa/Xj1TZeCl7++hFDWssWErdfjcpRc7ouzi7s7sIQQyrIsa9l8wrYb8blKZXbU8aCOVRhCqKTpL/cVhQco/BkrHHhsWCtwfnDow5i45xHnt83+vLo+JYTqec2+nvv6fFzykZFuIkqofk3/oG2nb0YlxD+5fuLvmb7OUkoo6zhgT9zL21VZfRTK+EUXslv++YmuLCGiWtOvFv8FzDvzrTNLqMRrXrhCxfDKVlDhUntZEFRPX0/s2GV28LWnGXJekfno2ILPq0koIaIa/wt9E7wqRVzGRUs/M6GWhBIqc+s1d8+VyMTUxKhbh1cOaWjKEMJY9dmewKl0NZSRv3UwpIRKXXsF7br4MCYlLTH65qFFvd0klFCxx6xbb+lo87L+iKQSljGuN2BhyJXHMXHPw89t/bGnmz4lhEpqTTiTwfM8l7qjjykljHnfPelFD8Albf7chBLGasC+9HLOUXgZ3pkGcYn7v6zKEsI6jTz++ne94nUp+8QoJ5YQauQ55Lejt58lZ2ZlJEZdP7R8UD1DSoio3vc33hxAWBpU8dqlQjBl9g1S6XuRdzOoiR4lVL9mnwUHbz5LSUt6Err9+86OL9Pk4mmQSjer0Ck1RURUrf1nNQyqdp65PTQ642XC+Z51A9QJaRCozaaeMkqIxPvXZ6r94ce9+MPXiBIq9ZhyPr3obzaXdmZCHQkl1KTH369vWq9+fUXu489kFD3I2k4GlBDCuo0+kfbmKMrI5W1klFDzLw++vF8X/owRQkXVhhT7A5dXxgYPdmYpoaafb375u8oX3PihvphSUbUh++OLfSx51IZeVRhCRbVf/byoMQ3iCy5+V0NEiKhu8a6vuadGV2UJlbVdEalUNbyypVe01F7no1S/adCN3KJbMg58acMQIu28/tVVVK2IS10NxYNFLWSUMJbd1kcW/TAvuwhTadsV0UoVrgaX+KevjBLGdug/2UV3ywoZaMkQImn3tovxpv5UH3kkqVj9iQke5MxSQg06/Bat5HkuZVtvE0oYy4H7itbUhI09jChhbIYcynrb9X2dBjkP2x3xqLgH4bf+O7xhdmBdY4ZQowaTjheJo+J16eJ31VlCxA2D7havMfkXJrqyhOp9vvXNxxCWBlW8dqkQTJlfKBW+F1z8pl6mlDDmXddFKorsmnvrp2b6tEQapOLNKnRKTREhhBq2WnivWBvze9YNUCf0DQK1yc7meUIYQyNDlaoVH39ox6ksnrHw+35qC+OiTc3UpM2MGd1NKJ9xYtfhEp0oRA0Gj2hlVGRfaw9PB5YQcf1BI9uZvDkKY9+gQRWGkIL8Ek/3qUGHqUG+1kXPx9j0mjfTx5Dy6Ue3/1P40F5+edPme3Ki32FqUDfrYh9L5NT/xxF1RLzi4fHjj9Q+oY64cYCfm4goIvaH3FO8fjXvwq79L5TUwHtgbydGLeHxORUstdcYs+6TxnjIir5kUKteNREhfEHBy44eFSvi15QRO7deyeNFNYf/OMi56MBxxrbXqK/bNPCow6Q8V6pyNeQFBTxP+NyE+GL9RAy6rnmUmJQUu2+o7TsvBjXsPH2Wj0Wx+mPbc/4MHwPK55zfcyiWI9TU5/MORpRLObrv39e9RvjEQztPZfGsXa++3gbvOgkhhCij1vV2dyuuRi2PFl2+/HHHPb7+8E0Xzy78zKL0I5rXBNYlwroO+G3/wUOH/hpRq/hEKqyxqRFDeE5eoCAqeY/a9X7BqPK94BMObD2WzrNOA/830Llo7yVZ/VGTupsVj7tiNZkx6z5heG1J0ZfUUzdALZAGgdrIZIQQwmVnZavUm1J+6/LNAp5Km3f2Nil5M6fm7Ts1kVA+/+bVu8XveqytvW3xHpciEUsIYatWcyr+Oisqc3YscUNfH5uS9Z/a+vZoIqF83s0rtxWEEC764sXnSiKu37G9TakfGlHtZl6mDFHcu3Y7T9AnVYWoQYB/DRFRhIfsj3iVxeSe27X/hZIx7TL488Jo3j88Kq1gqb05Tf3WzY1LnFzEFi+CihXxK3za1YvhCsJU8f6svrjENlnboNPXb1w79WMLsQpXg1q36dhAj/JpB0e37Dx6webjN55mKAghhNUzMbewMDeRldOZtwixV5eOViVPw9h27dFUQnn5nWt3FIRQs05+7Y0ol3Q05NzLTvp8/IGdp7N51tHvi9alR02pis+6G7xi9eHItw89ElSXCGGs6nf07erbsb7Vy68FX5AR9+j6yc1zpqwvp2je4T1q13sFo9L3Qn7j4tU8nho2a9NYWmJXkxZtGxSvcRWryaK6zRqXnBBJ43UDBEMaBGrj4GDOEKJ8GvnsHY0j+XFhV0JDQ69EJMgJIXlJiRkcoRZVHY3K6HVoVrWqCSVcSkJSyXsfLfsPYJYVVKmprKpzqSyIEGrh6mpKCZ8clyAnhChjn8coCSm4ONmNLb2kgdT3zySO8IrkpLSKpRBvI6rfu3ctEZHfCwm5X3g9c87u3B/LMVY9BvqaF352NYRnUMFSe42xsLJ41xWvaBEX4hJi4hU8YR2dHd6anahwNdha47dsHNPcWpQbefz3KQN9Gjqbmzl4fNZ3/IJtoTGCVoeghlWdrMqtP1xmUnI+IYSad/q8nSHl4g+H/JdHCCF87IFd/+bwrIt/YPOSP7rlKLNvEFeQ/vTKzmntrbmky78N7r8s/K2FJ6QuFeIz7x/6ddrQz70buzua6+ub2lZv9NnAOf88reCUFO9XuyocjCrfCz4zNjaDI4yVvW3JHJtQC3vb4v2mK1aTGUvr0t8RddQNUAvMIg1qU6+xh5TG5j69cD6aa+ZW/k9j/rlZHTutiSEWg0Oeb+gmJjwhhJTbqM8wDCGEVyrUn2mUfz6eVyqVhBA+Py+fJ4Qxc/V0NSvvE4ldzd7ySKLCRPV69647/87N2yH7H06t7c5m/7vzYDzHOvgP/OzVw0A1hCeuaKm9VlhAb/d+RaxUKAghlGGZt15nla6GpFrvFRe6TLqwf/f+oyfPnL14M+rF7ZPbb5/cvmKOe//f9q0fXLOCv0SUYQihVCxmCSGEWnTxa2tw4GDcP/su5n/mLX6xf+fZXF7kHvBFE8m7jvTWs4iNHRsH/LRd/sB94J6Ua3v2P5pUq2b5SaKAukQIn3F5UZ/PZx6LKSBUalG9QZOuHVyrVXOr5eHlcG1i16ArFQiz4rXrvYJRqSYoFC9zlrIqF6Ul3l6xmlxmi7Sm6gaoCmkQqI2lT89W+kePZ1/5+++b44Ialvrb6iX5nVNnEzhCZfW9PCSEEJmVlRFDklKePsvkiXmJOwyf8fx5Gk+oqZVlecerGD7vaVQ8R6qWvMulRUWl8oQxsbKUEkIYc0tzhsSxDScfOD7SThPJzluwtf1715t788atfQcef+dud3rnoQRO5BY48E2DuRrCoxUsNZW8XxEzFtaWDCGKuOdxSuJassDy0hPT84jY0NxcqurVoAZOrfpOatV3EiFcTuy9S6f2/7lo8babEVtGjWzS5uRYl7eld3zW06dJPCl5Gj4tOiqVJ4yVbZXCD0Mtu/i11T906MWhkMtL2jqH7LqQx4vq9Qn0VMetl1q279hQvOeEIvZ5LEfekgYJqEskP/SnwdOPxnBW7aavXz2lW03j1x9f+fBBBR8bVLh2vV8wKn0vjC0tJJQUJMbEygkpHiCfFhefW6zpSa03K43WDRAOD8VAbRjHfpP6O7JEcW/FxF/Dy+muwCf/s3LjAwWh0ub+3e0ZQoi4vpenhPJ5l479m1Fq77TTR0MLeCr18CrVLeQ9ya8fOR5fau6yhCMHLubzVPLyfKIajTyNKJFH3LxXun8Nnxy6eenixct2XC97ysX3xrr7B3iKifzGvgOR6ad3/ZPIier0G+D1JgtRR3gVLDWVvF8RU6uGjZxFRPns39MPSj5akV/+sYm9jY1jwN/xnPCrkXl149zZs4OWHo569Vc7o29br33/GZuOLvE1pHzu5XPX3vVoTH71yInE0vXn8P6L+TzVb9zcQ/wq+i6ft9GnymcH94U+3rvrvzxe7BHYp656fumosakxJYRLT33XVJnvrEvKB8eOPVYQceNJq+f0KJJ2EEJIXq7wZeSLq2Dtes9gVPpeSD296osJn3Xp7PWS8WVe/Pd68Ukn1Xuz0mjdAMGQBoEaGXecPqe7DcNnnJ3adeC6O6Xm4+Uz76waMmrLCyVhHftP7u/IEEIIrdK1TztDyiXtmbvgUlax3TMuzJ+7L4Wjxh0CfUt1R31PfPbxn2cdSSoaIpdwaMacQxk8NfTu07VwDJmBd0A3a4aL2fz9L6HFPw6fcvLHwV9Nmjx1zU2lfrHYBOZEAnZjq/sFNBQT+bV9W//c9k8SL/Ua0K9O0b/5KxJeKRUqNZW8ZxGLPPsEuIuo/Obvc3a+KPpzzyf+s2r7YwURubduVYURfjXY50cXzZ7145RZ2x+U6I7EcRxPCDU0MXpXJ2k+8/C8OSeLTQLMxR+YPuefDJ6x7N6/s8mbD+/r10qPKqNDVvyw9VI+kTQKDHhbw41KFAolIYQvyMp61wIN76pLfF5OLk8IFYlFxYuBSzj2+9Z7FeoiTUgFa1eFgilyZFW+F4yTX//WhlQZtXnhlqdF0+z8u6sX7Usunl6q+Wal0boBglXGKH34hHEpJyd66FNCCJU6tBkye33Iv1duh925eu7wpl9GdXQt3CKpMexA0Vn9si9O95RRQhnL5mPWngqPz8zJiAs7sWpkE3OGEKrf+McrpaZPlPXYVHx+Mfm1GbVFhMj8thWfcaPUBCev5n0hhDDG9QYuPngjOjE5/vHlPfMC3A0oIVTmMf3Sm+lk5BEr2psyhDJmDb9acuB6dEpWVvLTGweXDvY0ZghhbAK2vng5McnL+UtEdaaGvp5Gp/x5g96128udHy5qIaGUNTDUp1T/s9+flpx+RXh46i618pdWVUYtay0hRNL+9xevd1eliEtfDS5+76CqLCXUwL3PLyE3n6dlpcfe//ePMc0sGUIY825/vLwuAq8Gl7i9jyVDCDWs23/x/mtRydm5mYnRt0+sHdPcgiGErTr8SAZfnqL1x7TBV8sP33qamBz/6NKuIL8a+pQQatxuaXixyQK5F2t8XqWiVNZm2RNhc+gImUU6Z88XhpQQScslrw9a0bqUsW+gFUMo69B9wamobI7nlTmJD8/+Mba1raQwdnGjoDuvP5fwpVUrVLtUCaasL5Rq34vsyz821qeEGtQZsPxYeHxmdvqz63tmd3WSGpqbSShhbEYcLzJ9oio3q8J5g96y/HAF6waoE9IgUDsu+cIv3ZxlZf9BRFmLZhP2RpZcnDvv4aYBNcp4C9WvPWTHk6I/KmpKgxjLz6dNbmZSasS8tNoXG+4Xv2cpYw9P8jItY1SQyNp7zvkiCy+k7exjSgkhVGxoYWk7eG9e2b9JAnd7efInS1sXDlahxj3+ji9jRmjB4b2dyqWmWhqkShGXdTW49MsLO9mISr2dGtUfvT/mzW+HwKshf7wxwKmMtTQIZcxbzDyT/JarVlh/xPW69qplUDocQ48xB14oSrxF+XzVZ4WLL1C9DqVT2XIIWkzj/MRqLCHUxPePVz/rFa5L8vtrfKsUrg5CWT1jYz2WEkKoUb0h61YOtGUIoayhbe1RIYXLx6iQBvEVqV0qBFPGF4pX8XtR8GTbwOrFB4VRWfUh29YNsmAI6zL+XNH6qcLN6p1pUAXrBqgT0iDQjNzoU2tmDOnWtKaDpbFMLDEwreLi2SHw20XBd1JK/ki8xGVG7Pt5RLfG1ayNZRKZSRW3pj1GLTr4KLvEbupKg6y/PpKX8/jg/K861LU305PomdrVbjfgh6230sr8Bcx7dub3SX1a17I305dI9M0c63n3n/bXpfgSP0/yyOBJPrWqGErEemauY46WXixMpd0KKaNWtJVRQhiLvrvLXWVIWHjvpkqpqZoG8YKLuLyroUi8/Ne0fu1q25vrS6SGli6Nugz/Zf/9zFIXRdjVUCRe3jBjwGeeLlZGMpFIamjp0qDjwOl/XIh5x7IPhfVH2m1DctajfxaP7uHlWsVYJjWwcGrQZfiCg49yynqP8ulv7WWUEGrQeX2M0MRUSBr0auJrwph2/aNwpub3qUt5kYd/GdqxnoOpnkRqZO3a9PNvV5yIzuV5+aMtXzexN5LKTF1HHszieZXTIJ7nVb4nCA+m9Bfq1SFU+F4ok69umD6oi1c1cwNj2zodR/56IUGZtaO3PiViz9m3SwQo9Gb17jSoYnUD1InyvGZ6dwJ8pApOfuPsszre8ut/nq3rhJGp8CFkH/yqWs8NiYY9NjzaN0jd3dzg/ShyM3IKCJXoG+kV752svBvk1fCHmxK/LTF7+hpr6vSoG5UNXaQBADQr/fiOQ0kcNenYt5slfuc+Morrs7wsTE2tuqyKLt4fWh62d99dBZU28W5Zcg5oNULdqHRIgwAANIl7vnvdgSSOMe/St0vJuWag0ok8A3rXFJOC8/PHLP0v7uWIO2XqnS1jBy64IWds/ccEVmB0pECoGx8BzFAAAKAJfMrDGy8UbPyhmd8fTedZ58Chb4bRw8dD0njan7MvdJ159uDkVlVnWdnZmomyY5/GZsh5xrjxhA1LPtfAkyrUjY8I0iAAAE2Q31jSzWd1LEcIIYyF7/TJWDb8I2XYZNqxG83XLV655Z8Ld6Oj0sTG1jXadPbpPXzc0A5OGlnlFHXjI4Iu0qBz8lJeJGQqGUNrBwtZZccCnzDFjV86dA26nGVSvXWfST/NHuRpjKceUAh14yOCNAgAAAB0FLpIAwAAgI5CGgQAAAA6CmkQAAAA6CikQQAAAKCjkAYBAACAjkIaBAAAADoKaRAAAADoKB2dRTotLU2hUFR2FB8vfX19fX395ORkTCv1CTM0NJRKpcnJyZUdCGiQiYkJpTQtLa2yAwENMjc3l8vlmZmZlR3IR83S0rLM19EaBAAAADoKaRAAAADoKKRBAAAAoKOQBgEAAICOQhoEAAAAOgppEAAAAOgopEEAAACgo5AGAQAAgI5CGgQAAAA6CmkQAAAA6CjVFtNQpD+LzrVwtdEnhPAZN7cuXnMkknFt3r3/4M7V9TUTIAAAAIBmCG4N4uKOzezgXKVat+X3FIQQ5ePf/doNnLN686bfZ4/q2qTTz9dzNRglAAAAgNoJTIO4538P6zv/1IsCsYGBhBCSf3bpL2cyDDyHLF676Gsv44wLQZPWP+E0GikAAACAWgl7KMZF7/7zWCqt2m/r+b8DHUVEfuXQ0RjiPHr5bxPbyLgObESdif/tOvB09Dhn9DUCAAAALSEsbVFE3IlQMFX9vvFzFBFCuGcXLz3lzdv5eMkIIUzVNm2rsYr7d+8rNBoqAAAAgDoJaw3iC/LzecbB3LQwa8q5fvmuXNykaUMZIYQQqm9oQPmn2Tm8xsL8WC1fvnzTpk2VHYVGcBzHMJ9m496+ffscHBwqOwoAAKh8wtIg1sbellU+i3iYTeoak9xLJy9kiWq1amFNCSGEZIfdeaJkTF8lSbrEzs7Ow8OjsqNQv0ePHoWFhXXp0kUsFld2LOonlUorOwQAAPgoCEuDRPU+87ZZvDZkzrSttkPNDs3eFkOcAju6s4QQLuXC/Pl7U3i9ro3rqDb6/lPAcZy3t3dlR6F+CoUiLCysVatW+vqf4EQIFhYWKu0/ZcqUkydPaiiYSkQpJYTw/KfZinv16tXKDgEAtIDAzEW//Xff++z55vDv/Zv/TgihBq1/HNFETBTXZnm1DbqVzTFOX4/qZUU1GurHaP/+/ceOHavsKDRlxowZlR2CRrRq1crZ2Vn4/k5OTp9km9/t27dfvHjRpUuXyg4EAKDSCG3AYV2HbT8hmzv/72M3YqW1/WYuH1OdJUSel5GRx5o3GDDvz6VdTHUvCyJ169Y1NDSs7ChANWZmZirtb2Nj07VrVw0FU4mSk5MTEhI+yY8GACAQfa8mcT475nGyvlNVU23rQJKWlqZQqGFgW3Bw8PsfBD4wPz8/lfbv3r377du3NRRMJZLL5RzHfao9paKjoys7hI+CiYkJpTQtLa2yAwENMjc3l8vlmZmZlR3IR83S0rLM19+vOw81sHMzeK8jAHz0XF1dP8mu4gAAoFIaxGdF7F26YP3BS+HPEjONB+y+s8hm37KzJj2++Ky6se6NEgNd0aZNm8oOAQAANEJ49qKI2jq4YcPeP/x1+HJ4VGxSakaekufiz60Y1bmeR8Dae3kaDBIAAABA/YSmQfnX5gUM2/xIYes9cc3+Ez/7FHYnENUOGNuzOhu9d2zgrEtYWxUAAAC0icCHYumHlqy4nmfWZdX5kOEuovzdmwpHhVGr1pN3nrAOaPxVyLplh6Zu660to8VEIhHLspUdBVSOT7VTMBSFUi5UOBc8rsanjVLKsixKuWKEpUHym2fOpxHrId8Ocin1BtYxcLT/jJC1F8/eUvRuqyUdSRmG+VRnjYN3+lQXCYGiUMqvUUpxNXQBSrliBK4wn5qcyrE1nBzLzHJE9o42LHc/OZVTa2iaVFBQoJYB86CNcnPxAPfTh1IuJJFIKKW4Gp82PT09pVKJUn47A4OyB7YLSx4ZS2tLRhnz9Lm8rK3yp1EvlIyZhRkyUQAAANAewjIXsad3a3MSv2fl1kGMrLMAACAASURBVGhlyW3c8x2r9sbzhk1bemjJEzEAAAAAInikmGGXieMay1IOjfH54ufgy5HpCkII4ZWZj08sG9hpdEgSW2Pot91NNRkoAAAAgHoJnT5R7DFlx5+PfYdu2D3Nf/c0Qgil67sYr1EqeJ6K7Tot2B7U6hNcihwAAAA+YcK784icA/8Ivbp3/tc+9e0MWMrzCiU1cWnmN2nNmWsHxnsiCQIAAADtotJiGtTIvefUdT2nEqLMy8pWSgwNJOgVDQAAAFqqgmkMKzM0NpCQvJw87RkkDwAAAFCUCmkQn3F3+/TeTWp0WBhWOFyMT9nib2lR02fs+qspmIoQAAAAtIzgNCj78tzOrfvP33MlKjX/Vc7D6Omx6Q+O/zq8XYdpZzOQCQEAAIA2EZgGKcNWjp13KcPYa+ym/w5NrlO4Ghc177fradjuyS3Mc28t+XbJbczKDAAAAFpEWBqkjNi760a+rOWP25YNaGwre7OBNXH3/2XrHG99xb29e8OQBwEAAID2EJYGKSIfRipYlzZtnMrYn7Fv1dqNVUY/KT3DNAAAAMBHS1gaRCUSCSUKeZlLihGSn5dPqFQqoWoMDAAAAECzhM0bJK7bqL50/emQHRd/aNq65BqtOVd2hTxSilt71lZpEiIAgI/G5MmTo6KiKjsK9ROJRIQQheIT7LJgY2Pz66+/VnYUoPWEZS7U1v8b/zknt6wI7GX4+8pJ3d1NCjtJ89mRx5aPGbY0grP4fKi/A+ZSBADtFBMT80mmQYmJiRzHValSpbIDUb9PMreDD09gAw617LVkw7h7fstOBPnVXmDmUrO6rTGbl/Qk4mF8tpJI3QatWv6FDZ6JAYCW2rp1a2WHoBG9e/fOyMg4duxYZQcC8JES/ByLWnVcfDa06byZ89YduvPkdugTQgihrKGz94Dv5gWNaGaJpiAA0FrBwcGVHYJGxMbG5uXlfaqfzs/Pr7JDAK2nSncealg7cF5w4NzsmPvhkfEZCqm5Q43arhYSjQUHAPBhLFq06MWLF5UdhfoVFBTwPD9hwoTKDkT9LC0tkQbB+6tAr2bGwK5WY7ta6o8FAKCSuLi4GBsbV3YUoAKUF6hFuWlQ8C8/hStYh89GDGpqRpURwYv2hL+9O5qolv9kP3dW7RECAGicv79/ZYcAAJWg3DRo+6yZu/IkLWQBA5uaUcXd7bNm7sp765FkATXHIw0CAAAArVFuGtR/7s+NFKx9GwtKCBF5frloWct3tAZV98S8QQAAAKA9ys1cek6a0vP1f1g339HjPkg8AAAAAB8IhrkDAACAjlLtOZY84VrwX3/vO3k57FlSllJm7uDu1cHvq2EBXtZiDcUHAAAAoCHC0yDli4Pf+X+54nKykn/10pOH966eDl67dOX4jXsW+NqhZQkAAAC0iNDURXFvaWC/ZaEpEmefb5duP37pVljYnSundq+c5OsqTbm0pG/f5e8YTw8AAADwcRHYGpR9dPGii1lSz0lHTi1oY/Zq8bBadRt7+w3oNa2Dz4LzCxYfH7G+i77GAgUAAABQL2GtQfJbp84mEbNeM2e+yYFeoqatZnzvZ0ES/z11S66BAAEAAAA0Q1gaxCXGJ3KsUx13w7K26rvXdWG5hNgETq2hAQAAAGiSsDSIGhobUi4pLlFZ1lYuMS6Ro4bGRrSsrQAAAAAfJWFpkLh+kwZ63Ivg1XvjSrX48An71+x+xuk1aFIPo+YBAABAewhsDbLsNeoLBxq78+uOg5cff5j+clCYMuPxyZVfdfxq2wtiH/hNL0u0BgEAAID2EDhSjJp2Wbhp6t1e80M3j/fZMknf3NbKkGQnxSVnK3jCmHj9b+NCX1NkQQAA8NGaPn16fn5+ZUehflKplOM4ufwTHKZUo0aNESNGaPQUgqdPpGZt556+2nz53IV/hPz3OPl5dDIhVGxarVX3rybPnNizBobKAwDAx2zbtm1ZWVmVHQWooF27dh9NGkQIIXquXaf+1XUql5sSG5eczetZ2Nha6LOaCg0AAEB9IiMjKzsEjWjYsGGTJk1Wr15d2YFoJdXWFCvE6Jnbu5irPRQAAACAD0mVNIjLjgm/cetBQg7Hl7GVdWjWo6l9+V2u+fRjs4f8er3sZ5fUxOfHv8Y0FCmjtk2csC2y5Lh8SZMJf8/0NiiMIismIuxhgsLUuVYtZzNJsf2Uz0LmBF2uP32OvzMaqQAAoKjg4ODKDkEjsrKyoqKiPtVP5+fnp9HjC02D+OTT3/fs8/N/ScqyUiBCCJEF7Erb2Vta/iFYU/saNbNLrTzGZ8U+isk2Kpx1SJkQl8BRI7vqdsUmIRLZG7OEEMKnXP17wYqQ8DQlTwjVc2w7bMqYz6q+SoX49P+27Yl0GzbRCTkQAACUcOPGDY77BOf5LSgoSE1NvXbtWmUHon7GxsaaPoXANCjnzKwhP19I4gxcWnduU8NMXMagMHFjl7dmH9SwybD5TUq+yiccD5rwhPP52s+NJYRPi0/IJ+Y+o34eWb90ZHzq6VVLQ2JrDAga2dlNEntp49LfVy21d1sUWNj0U3B/7/ZrVXotamGCIWsAAFDShg0b8vLyKjsKjXjy5MnatWsrOwr1q1Wr1pQpUzR6CmFpkPz6/kPPOHGdcQfPLWlXclWx98AnnV638YZBxx8GNTCkhBAuITaBY6vYVikzocq5dfFmbo0BI/zqV6GEuLUfMeDm5YWhV2MCnB0Zwscd33xE7j2tiyOaggAAoLTJkyd/kq1BnzA9PT1Nn0JYGsQlJSRxIo/+I1qrMQcifPqljRuvilr/r5+nASWEED4nIS6dl9a1fctZ+CIP5VhKCKfkCSF81tWdeyJr9xtfX+NXDAAAtJKjo2NlhwAfHWFpEGNhZcFQQyMDdT5uyru7Y8O5vHrDBzR79RSLS4xNVDLGfOTuRbvP3YlOzBGZOdVt3jkgoIObESVEv34zD9mve1fvqfaNbw1Z3KWNGy/kOfp72TNE8eTAlvPGXX9uh4msAQAAQCiBa4o16trZjrt54nRieR2kVaZ89s+mYwl2XQZ0sH6duigT4hI5Zey/W/c/FDk1aN6kjg3/9FLIyqlTVl9J5wmh5t4jx3ezfrT5+2Ff9Bk4fuk5runwif7VWD75zNaDGS369XCpyPB/AAAA0FECEwf9z2b9+uXJL6YMXui2eVILy/fufsNnXd0d8kDkOapb9TdD3vm05HRWZuTU/Oupo7ztJYQQoky8+NsPC08eXbW5ad3RDfUYyyZDf17VKezug3iFqXOtum6WEkLy7uzeedfZb5mX4dubgsaPH/967qzFixe7uLi876cA7WRmZlbZIYDGoZR1AUpZF2i6lMtNg/7+34Sbxef4kXm65+2Z2rra6uYd2tRzNJOVyIXEnl/OG+whsK9R7IngC+lm3t3bWBRJXah11zlbuhbbkbVqNmRA89AF5y+euzusoZeEEMIaOdRr7lDv9aGe/7PplMhnlo8NJYTPuBfyx6Yj15/mGrs07jJwsK+78ZvmLhcXF5lM9jJYsVihKDV2H3QDil4XoJR1AUpZF6irlFm27BacctOWQyuX7SpzXGFm5IV9kRdKvy4LaBkkMA1SPDp+7IHStudn9WXv3Jca1KztzJ4Lj4tL44l1yfYePv2/bSGxDYdOd5cQPuf2XzOCjnGeHXx7iJ6Hnlg/80Fy0MLBtV6dY9y4ca/fl5aWlpmZKSRW+PSg6HUBSlkXoJR1gbpKWSote2LDctOW0es2dC05mfNbsc5eYmF7FoSfPhtD7PxbuZU4O89zhFBKiyc7LMNQQkWiMo5e8GDvtqtWPRe1NKWEe3544z+5baYuG9PYkBLi19J60pR/9l7yc29nhH7TAAAAUFq5aVDbAYPbauaU8vDzocnU5vOmJaZb5KJ3Thy/Na7RuNUz2pu+yVzyHt6PVjAWLi7GpZqC4k9sPlrQbkpXR5YQPjPsTiRx7VHnZQ8hSTXP2sYhYTFJHDHCTEIAAABQmrCRYuXg8nLyVJ6JShl183Yqb1y3fsllvxiHJk2rsrnXtm+8lPSqHYpLvb558/l0cbXPOlQvsTuffW3H7ifuAQEeeoQQQiVGhlLl4zth2YWD2Qqe3r2fIapiY/FenxAAAAA+XSoMMecz7u74edaS3akB+459V5slhE/Z4u88+UmLAd/Nmz20sbmwR09c/J27cZykcZ3qkpKbWOeeI3tfm73j5M9jwus2cK8izox5cC8iNte4wdBxvUquE6aIOrDlvJHvvPavpgrSa9Sjm8vlHQunZvq0dpPEhB7997l9j2EtSrUhAQAAABBCVEiDsi/P7dxp1sU0Ttygx6vJgxg9PTb9wfFfh/93/tE//85vIyDl4DPu3YnkGHtXF/3SG6l+rX5zF7se2HPw7M1b58ILxKZ2NX2GfB7g62FVomMQn3J2y8G05mN6uL75AJIafWfPs9yy6cD5vTcVZi5eQ4IGd6317j7YAAAAoKMEpkHKsJVj513KMPYau/L3ab3rFLbMUPN+u5423Dd36IglF5d8u6Tv1VnvHihGTTv+uLvjW3aQ2TcN+LZpwLsOY95+5ub2pV41cvMZOdtn5LuCAAAAABDaN0gZsXfXjXxZyx+3LRvQ2LZICwtr4u7/y9Y53vqKe3v3hmEGBwAAANAewtIgReTDSAXr0qaNUxn7M/atWruxyugn0SoNsAcAAACoVMLSICqRSChRyOVlb87PyydUKpWgNzIAAABoD4FLq9ZtVF+qfBKy42J26Y05V3aFPFKK63jWxsqmAAAAoD0EtgbZ+n/jb8s9WBHY64d9EemvH37x2ZFH5wUELo3gLLoO9XfAFD0AAACgPQQ24FDLXks2jLvnt+xEkF/tBWYuNavbGrN5SU8iHsZnK4nUbdCq5V/Y4JkYAAAAaBHBDTjUquPis6Hbpn1ez4JPfXI79ML5/65FxOfpOXuP/O3MxT97O2DFCgAAANAqqnTnoYa1A+cFB87NjrkfHhmfoZCaO9So7WpRajZoAAAAAC1QgV7NjIFdrcZ2tdQfCwAAAMAHhF7NAAAAoKOQBgEAAICOQhoEAAAAOgppEAAAAOgopEEAAACgo5AGAQAAgI5SKQ3isyKCg4b4Nq3tYmdl6T7hjFwZsWvx2mMPMzhNhQcAAACgKcLTIEXU1sENG/b+4a/Dl8OjYpNSM/KUPBd/bsWozvU8Atbey9NgkAAAAADqJzQNyr82L2DY5kcKW++Ja/af+NlHSgghRFQ7YGzP6mz03rGBsy7lai5KAAAAALUTmAalH1qy4nqeWZdfzx9bPLx7K1eTwmVUqVXryTtPrOplpQhft+xQGq/BQAEAAADUS1gaJL955nwasfb/dpBLqdU3WMfA0f52JP3i2VsKtYcHAAAAoCnC0iAuNTmVY+2dHMVlbRXZO9qwXGpyKnpKAwAAgPYQlgYxltaWjDLm6XN5WVvlT6NeKBkzCzOMvgcAAADtISxzEXt6tzYn8XtWbo1WltzGPd+xam88b9i0pUeZbUUAAAAAHyWBDTiGXSaOayxLOTTG54ufgy9HpisIIYRXZj4+sWxgp9EhSWyNod92N9VkoAAAAADqVarHcznEHlN2/PnYd+iG3dP8d08jhFC6vovxGqWC56nYrtOC7UGt9DUZJwAAAICaCe/OI3IO/CP06t75X/vUtzNgKc8rlNTEpZnfpDVnrh0Y74kkCAAAALSLsNYgLinqqbSqs5GRe8+p63pOJUSZl5WtlBgaSNArGgAAALSUwHmDzvyvrkPNz4bN2x4ak0cIIazM0Bg5EAAAAGgzgZmMRMpmPjq5fkbf5s4O9XuMX77/TlKZY+cBAAAAtIWwNEja46+osGPrvx/s7aqfdvfA8vE9Paq6NOs7ff3JR1hdHgAAALST0OdaIjP3jkPnbDj1IDbq4o6FY3t6Gidd3j5/WMeaDjU6fP3T1ksvsMI8AAAAaBdVu/dQPYemfSav2Hf9eczdw2tm9G9llfDvnzP7t3BxaPD9eTwnAwAAAO1R4V7OIvPanYfPWr5m1U9fepoyRJ4ccT8Oz8cAAABAewidPrEYRer9f/fv2rlz176TdxLyeUIZfYemPdtXZ9UdHQAAAIDGqJIGKdMent2/a+fOnXtP3I7P5wmhItPqHfr16z+gn1/b6iZIggAAAECbCEuDlOFbJkxZvOv4zbg8nhBCpVU8e/TpP2BA325e9npUsxECAAAAaISwNEhxL2TdgRv5jIFTy559BwwYEPBZHQssJw8AAABaTVgaxNi0HDa3R+9+vVq5GGLqaAAAAPgkCEuDxK3GrWil4Ug+KD09vcoOASqNkZFRZYcAGodS1gUoZV2g6VIuNw0K/uWncAXr8NmIQU3NqDIieNGecMXbj1TLf7Kfu5b0k87Pz1cqlZUdBVSOnJycyg4BNA6lrAtQyrpAXaUslUrLfL3cNGj7rJm78iQtZAEDm5pRxd3ts2buevtE0bKAmuO1Jg3iOA5pkM5C0esClLIuQCnrAk2XcrlpUP+5PzdSsPZtLCghROT55aJlLd/RGlTds0KTEAEAAABUinIzl56TpvR8/R/WzXf0uA8SDwAAAMAHImzcV/7+rx2r1P3ubNmLhvHxG/ztq3hMvYA1xQAAAEB7CBz+XpCRlJSSJefL3MhlJMYkJj55moA1xQAAAEB7vK07T1bwV3VHH8knhJD8tHxevrGP0z5J6d24/PTkNDnjam+LKYUAAABAe7wtDeJzU+Pj4t6MD8tJiSt72BoVm9Tu88NIL0wsDQAAANrjbWmQUd/d6b2VPCEkP7h/lQEXBh58sLJ9Gc1BlBGJxSyWFgMAAACt8tYx7oxIIhURQgjj1KxHL+OG9npSKQbFAwAAwKdB4GIaLSbvaKHhSAAAAAA+KB1dTAMAAABARxfTAAAAAMBiGgAAAKCjsJgGAAAA6CgspgEAAAA6CotpAAAAgI7CYhoAAACgo7CYBgAAAOgoLKYBAAAAOgqLaQAAAICOwmIaAAAAoKNU6tXMZ0UEBw3xbVrbxc7K0n3CGbkyYtfitcceZmCIGAAAAGgd4WmQImrr4IYNe//w1+HL4VGxSakZeUqeiz+3YlTneh4Ba++9faUNAAAAgI+N0DQo/9q8gGGbHylsvSeu2X/iZx8pIYQQUe2AsT2rs9F7xwbOupSruSgBAAAA1E5gGpR+aMmK63lmXX49f2zx8O6tXE0Kx4VRq9aTd55Y1ctKEb5u2aG0smdXBAAAAPgYCUuD5DfPnE8j1v7fDnIp1aeadQwc7W9H0i+evfX2tVcBAAAAPibC0iAuNTmVY+2dHMucIFFk72jDcqnJqegpDQAAANpDWBrEWFpbMsqYp8/LXDxV/jTqhZIxszDDYhoAAACgPYRlLmJP79bmJH7Pyq3RypLbuOc7Vu2N5w2btvTAYhoAAACgPQQ24Bh2mTiusSzl0BifL34OvhyZriCEEF6Z+fjEsoGdRocksTWGftvdVJOBAgAAAKiX0LUxxB5Tdvz52Hfoht3T/HdPI4RQur6L8Rqlguep2K7Tgu1BrfQ1GScAAACAmgnvziNyDvwj9Ore+V/71LczYCnPK5TUxKWZ36Q1Z64dGO+JJAgAAAC0i0orpVIj955T1/WcSogyLytbKTE0kKBXNAAAAGipiqQxXG5ybMyLFy9iEjMxUxAAAABoK5XSoJxHB+Z/1a66pamVo6t77ZoutmbmTi36zQ6OyNZUeAAAAACaIjgN4hOPT27dqOf0Df8+SuMMrJ1r1HC1M2Kynl7cNqu3V8txRxIwdyIAAABoFYFpEJ+wa+ygpdczpa69fjpwLzE1PvL+/UcvUpLuH/7Fv7os+9avX47dFY8lxQAAAECLCFxM49nO1SHxxLzz8mO7pnerZfqyYzVrXL3z/7YfW+FrQRL2r971DA1CAAAAoD2EjRRThN28W0At+44eUK3UG0TO/cf0mnn4r3s3wxSkquStx1FGbZs4YVtkyZmoJU0m/D3T26DwP1zGg2Pbt/5zMSImizGtWq9Nz/4Bravq0dc7c1kxEWEPExSmzrVqOZsVP5/yWcicoMv1p8/xd2YFfTAAAADQXYLSID4zNjaDY1ztbMvMcsS29tYMieHe3RikTIhL4KiRXXU7I1rkZZG9MfvqTDfWT/vp0HPGunajllbyZ7eu7Fl8Oyxh7pzerhJCCJ9y9e8FK0LC05Q8IVTPse2wKWM+e5168en/bdsT6TZsohNyIAAAAHgnQWkQlRoZSqny2e27qXxDK1piK59+985Tpbhe/VrvOhifFp+QT8x9Rv08sn6Z+xbc37Pu8HOmRt95QV+4yQjh0678PnXesZ1/Hms1t5sNST29amlIbI0BQSM7u0liL21c+vuqpfZuiwILm34K7u/dfq1Kr0UtTEpGCAAAAFCasL5BBj7DB7mJso4ETdn3vMRUQcqYA1PnHMyy9R/X1/ldB+MSYhM4toptlXJaawrCT//7grdo1/9zNxkhhBBq2rifv6c0P+zUueccybl18WZuDb8RfvWrGOibubUfMaCFLDr0agxHCCF83PHNR+TeA7o4oikIAAAAhBDWN4gatPx+w/zIL6Zt6NPwTuCIIT1a1LY3JpkxYRdC/lq742qqvd/CQQ5Rl0OjXr9BalPL08mo+FH4nIS4dF5a19as7OYa5bO799KIfuuGtaRvzmzq0dCVvfbgblhG71aEEMIXGY/GUkI4JU8I4bOu7twTWbvf+Pp6Aj84AAAA6DphaVD+3kFOAbvyCCEk8eqWuVe3lNgevWd85z1FX2Bdxp95srRV8b24xNhEJWPMR+5etPvcnejEHJGZU93mnQMCOrgZUUKIPOZ5AsfYO9iLi7yJmtvbGdDw2BdxnH79Zh6yX/eu3lPtG98asrhLGzdeyHP097JniOLJgS3njbv+3M4Sz8MAAABAIGFpEGNVp027xALhh2Vs3UxKvahMiEvklDn/bt1vU8ezQXOXtGcPwi6FrLx29eGU+SO9TEhOVpaSZ4xMinWfJtTIxJDhMzKzOOruPXJ81C8rNn8/bCNPCJU5tBr+nX81lk8+sfVgRotxPVze+mmePHmSn59f+G8rKyuRSKX11ODTgaLXBShlXYBS1gWaLmVhRxe3/fHo6R/f81R8WnI6KzNyav711FHe9hJCCFEmXvzth4Unj67a3LTu6AYFBQU8ISJxiZhYkYiQ/Px8nhDGssnQn1d1Crv7IF5h6lyrrpulhJC8O7t33nX2W+Zl+PamoJkzZz548KDw31u2bKlZs+Z7fiDQUqamppUdAmgcSlkXoJR1gaZL+QOm0tS665wtXYu9xFo1GzKgeeiC8xfP3R3WwFUioYQo5SU7YSsUhIjF4pdJDmvkUK+5Q71XW7nn/2w6JfKZ5WNDCeEz7oX8senI9ae5xi6Nuwwc7Otu/Kbb9rhx4zIzMwv/bWpq+vrfoGtQ9LoApawLUMq6QF2lbGRkVObrwtOgnEcHfl26+XR4XLacK2vZDKl30D9z2r19+sTSqEHN2s7sufC4uDRSz8iQpVxmZhZPTN807PCZGVkcNTAyLGscGp/+37aQ2IZDp7tLCJ9z+68ZQcc4zw6+PUTPQ0+sn/kgOWjh4Fqyl/s2bdr09fvS0tJePyADXYOi1wUoZV2AUtYF6irl90yDuKd/92s5JORt66fKbJPesagYz3OEUEqLP7tiGYYSKhKJidjGzorhEl7EKYjD63SKT4uNzSass71tGWlQwYO9265a9VzU0pQS7vnhjf/ktpm6bExjQ0qIX0vrSVP+2XvJz72dEfpNAwAAQGnC0iBl2N/L/kngJc7dps4Z26lOFYMy5uZhTJ3f2hTERe+cOH5rXKNxq2e0L9LYk/fwfrSCsXBxMaasQb3aJruP37v5UN64zsvRYnzWvduPlUzVenVLT4rIx5/YfLSg3ZSujiwhfGbYnUji2qPOyx5CkmqetY1DwmKSOGKEmYQAAACgNIFrij2+/0TBOg5fs222j2EFz8Q4NGladcf2a9s3Xqo/urklSwghXOr1zZvPp4urdetQnSWErd2hrd2Jfad3nejm3sWGJYTk3t+791qutHaHNg4lG4P47Gs7dj9x/2Kchx4hhFCJkaFUGXEnLLt1IwNKSMHTu/czRFVsLIRNEAkAAAA6R+D0ifoGepR1q19H/z1OxTr3HNn72uwdJ38eE163gXsVcWbMg3sRsbnGDYaO61W4DJikZu9hnS7/dHjtlGnhbT0s8yND/73yXFx78FAfm5JtQYqoA1vOG/nOa/9qqiC9Rj26uVzesXBqpk9rN0lM6NF/n9v3GNbCGE/EAAAAoEwCB8w3aNPC6I/L129lE/uy+xgJQfVr9Zu72PXAnoNnb946F14gNrWr6TPk8wBfD6tXEyZSo4bD58+x27T1yOUjwbmsiUPdnhMG9m3rVPJxG59ydsvBtOZjeri++QCSGn1nz7PcsunA+b03FWYuXkOCBnd93T8aAAAAoASBrUGWAXN+WNd6xoRRLav+/mXd9+hzLLNvGvBt04C37MGY1ukx9qce7wjIvP3Mze1LvWrk5jNyts/ICkcHAAAAOkTogHlJ3W/XzT7YePzQxkd+adiolr1RqTdKmk/aMLGZuKw3AwAAAHx8BKZBfNKRb7v/70wGz5Ok+xeP3i9jFxkN/FOtoQEAAABoksAB8482zPnjQQFr03r45GEdalmXNWCetfFEUxAAAABoD4ED5iPuhMup7eC1+3/tboqhVwAAAPApEDSrDp8aE5vLi2p6NcTwcwAAAPhUCEqDqImjowmjjAx/iPVbAAAA4FMhbI5lvY6Tv29v+mzDdz+ciFNqOCIAAACAD0JgF+mnT0Ud+zS7uWZxl3pH2ndsXt1CWurpmLjB0AVDPIWvWA8AAABQqQR2kb7xx4Qpu/IIISTp7rFtd4+VsY8soO18pEEAAACgNQQupuE1et2Grm9/HMY6e2HAPAAAAGgPYWkQ49R2wOC2Gg4FAAAA4EMS1kUaYpWpegAAIABJREFUAAAA4JOjWl8eecK14L/+3nfyctizpCylzNzB3auD31fDArys8TwMAAAAtIzwNEj54uB3/l+uuJys5F+99OThvaung9cuXTl+454FvnZoWQIAAAAtIjR1UdxbGthvWWiKxNnn26Xbj1+6FRZ258qp3Ssn+bpKUy4t6dt3ebhCo4ECAAAAqJfA1qDso4sXXcySek46cmpBG7NXcwbVqtvY229Ar2kdfBacX7D4+Ij1XfQ1FigAAACAeglrDZLfOnU2iZj1mjnzTQ70EjVtNeN7PwuS+O+pW3INBAgAAACgGcLSIC4xPpFjneq4G5a1Vd+9rgvLJcQmcGoNDQAAAECThKVB1NDYkHJJcYllzqDIJcYlctTQ2AjLzwMAAID2EJYGies3aaDHvQhevTeuVIsPn7B/ze5nnF6DJvUwah4AAAC0h8DWIMteo75woLE7v+44ePnxh+kvB4UpMx6fXPlVx6+2vSD2gd/0skRrEAAAAGgPgSPFqGmXhZum3u01P3TzeJ8tk/TNba0MSXZSXHK2gieMidf/Ni70NUUWBAAAAFpE8JSH1Kzt3NNX98//sq2bKZOb/Dw6+nlSDjWp1mpgUPDlM/O9zZEEAQAAgFZRaTENPdeuU//qOpXLTYmNS87m9SxsbC30WU2FBgAAAKBJqq0pVojRM7d3MSeEcHk5eZy+DItoAAAAgBZSIYXhM+5un967SY0OC8MKx83zKVv8LS1q+oxdfzWFf8ebAQAAAD4ygtOg7MtzO7fuP3/PlajU/Fc5D6Onx6Y/OP7r8HYdpp3NQCYEAAAA2kRgGqQMWzl23qUMY6+xm/47NLlOYX8gat5v19Ow3ZNbmOfeWvLtkttYWxUAAAC0iLA0SBmxd9eNfFnLH7ctG9DYVvZmA2vi7v/L1jne+op7e/eGIQ8CAAAA7SEsDVJEPoxUsC5t2jiVsT9j36q1G6uMfhJd5lIbAAAAAB8lgbNISyQSShTycpaQz8/LJ1QqlWDqIAAAANAeAtcUq9uovlT5JGTHxezSG3Ou7Ap5pBTX8axdkdH3AAAAAJVDYGuQrf83/rbcgxWBvX7YF5H++uEXnx15dF5A4NIIzqLrUH8HTCAEAAAA2kPommKWvZZsGHfPb9mJIL/aC8xcala3NWbzkp5EPIzPVhKp26BVy7+wwTMxAAAA0CLC1xSz6rj4bOi2aZ/Xs+BTn9wOvXD+v2sR8Xl6zt4jfztz8c/eDlhUAwAAALSKKt15qGHtwHnBgXOzY+6HR8ZnKKTmDjVqu1pINBYcAAAAgOZUoFczY2BXq7FdLfXHAgAAAPABoVczAAAA6CgdHeOur6/PMEgBdZSpqWllhwAah1LWBShlXaDpUtbRNCgnJ0ehwNofOiotLa2yQwCNQynrApSyLlBXKVtaWpb5OlpEAAAAQEeVmwbxHMdxb/7Lccqi/wUAAADQduWmQSPtxfq+6xN4Qggh+bu/MJA4jD5Z8MHiAgAAANCwctOg/Hxece/0qWf5/IcMBwAAAOBDKTcN6tDWlH++ta+zvlgsFht+sSefi1vbyUBcPqO+e/I/ZOQAAAAA76XckWL9V++LN5rxx6mwFxkFPK/My85TshKZtPwlM2RiLKcBAAAAWqTcNIip0mbyxnOTC/+Tv7uPaeD5Lw9EreqApTMAAADg0yBs3iC2ms+wkdWa26O9BwAAAD4ZwtIgUcOvVzTUcCQAAAAAH5Rqs0jLE64F//X3vpOXw54lZSll5g7uXh38vhoW4GUt1lB8AAAAABoiPA1Svjj4nf+XKy4nK18PoX/y8N7V08Frl64cv3HPAl87zEgNAAAAWkRo6qK4tzSw37LQFImzz7dLtx+/dCss7M6VU7tXTvJ1laZcWtK37/JwLNEFAAAA2kRga1D20cWLLmZJPScdObWgjRl9+Wqtuo29/Qb0mtbBZ8H5BYuPj1jfRV9jgQIAAACol7DWIPmtU2eTiFmvmTPf5EAvUdNWM773syCJ/566JddAgAAAAACaISwN4hLjEznWqY67YVlb9d3rurBcQmwC1l4FAAAA7SEsDaKGxoaUS4pLVJa1lUuMS+SoobERLWsrAAAAwEdJWBokrt+kgR73Inj13rhSLT58wv41u59xeg2a1MOoeQAAANAeAluDLHuN+sKBxu78uuPg5ccfpr8cFKbMeHxy5Vcdv9r2gtgHftPLEq1BAAAAoD0EjhSjpl0Wbpp6t9f80M3jfbZM0je3tTIk2UlxydkKnjAmXv/buNDXFFkQAAAAaBHBUx5Ss7ZzT1/dP//Ltm6mTG7y8+jo50k51KRaq4FBwZfPzPc2RxIEAAAAWkWlxTT0XLtO/avrVC43JTYuOZvXs7CxtdDHcqsAAACglVRbU6wQo2du72Ku9lAAAAAAPiSsAwYAAAA6CmkQAAAA6CikQQAAAKCjkAYBAACAjkIaBAAAADoKaRAAAADoKJXSID4rIjhoiG/T2i52VpbuE87IlRG7Fq899jADS8sDAACA1hGeBimitg5u2LD3D38dvhweFZuUmpGn5Ln4cytGda7nEbD2Xp4GgwQAAABQP6FpUP61eQHDNj9S2HpPXLP/xM8+UkIIIaLaAWN7Vmej944NnHUpV3NRAgAAAKidwDQo/dCSFdfzzLr8ev7Y4uHdW7maFK4gRq1aT955YlUvK0X4umWH0ngNBgoAAACgXsLSIPnNM+fTiLX/t4NcSq2+wToGjva3I+kXz95SqD08AAAAAE0RlgZxqcmpHGvv5Cgua6vI3tGG5VKTU9FTGgAAALSHsDSIsbS2ZJQxT5/Ly9oqfxr1QsmYWZhh9D0AAABoD2GZi9jTu7U5id+zcmu0suQ27vmOVXvj/9/efQc0cfZxAH+euwxW2HsICCKgAu6BCwdusSLirNtat7Wto7W1rrprta/aam2LCiogVdx7iwPrFnCAiOw9DJDc3fsHWkFQQwtFyPfzl95dLr/kNPnmuWcIOq093StsKwIAAAD4IKnYgKPT67MZLTQyD071HrJ879XYHCUhhAhc3uMT60b2mLIvnXUaN72ffnUWCgAAAFC1yvV4fgux+5zd2x73Hvd7yDzfkHmEEEq39tL9mVMKAhVb9li5a3F7reqsEwAAAKCKqRqDCBHZ+f96xd3nf2s2Bh26eC+pgFNyVN++TZePxs7+fEw7cxVPJMjjL+wNPnTpztPUvGKRnqVT826+/n3cjNmS3Vxc0GezgmLfvPMmaTXrj6+9tAkhhPD5iVH3H6Yq9e1cXOwMJGWO457tW7T4qtv8Rb52rMovDAAAANST6jGIEEJlzj5zt/jMJYQrzC/gJDraksotxiGPClzwzZ6HRRpmjZq1NyXpj+7cPvbr7ev3pn3/ZRdzlhDCpSan8lRm2cBSRktXaaXLEkKIkHn9j5Xr9z3I5gRCqKZNpwlzpnar9yoKCTmXgkJjHSd8ZosMBAAAAO9VqRj0Gquho1vpB/Hx+zeHPiw2bj9r6czO5mJCCJ9zN3DpkuCI37ZHtPzcU0aF7JTUImLoPXn5JLfylQlZpzf9sC/JacTiST0dJUkRAT9s3PSDleNq/5Kmn+LosF2RZgNWt9Oj5R4KAAAA8CbVYpCQ+ej6w4y3TAtEKcNKNHX0TayszXTecT4+6drVp5zIdcCoTuYvx5Qxeo0Hj+xyZsHByIh7xZ5tpHxqUirPmlmYVdic8+LW5ZtypxGfDHQzo4Q4dvlkxM2rq65cT/Szs2GIkHx8xxGF17xeNmgKAgAAAFWoFoOKT83v6Bf8ntVTKSM1duk0YPSs+VN72mmU38+nJKfy1NDB0ah0a43YzMKEEbJyc+QCkbxITc4RpI0tDN7eniOUWrGDpYTwnEAIEfKv7wmNdR02001TpRcEAAAAoFoMYh17fjpFM/LPwPPPlYRK9es52JvJGHla3MO4jEKBNXZq5iArykqKi7t/bMsXJ0IOfH/y0JdN3xw5xjr7L/mxr8jAskxzjfzJo+cc1TE106aET0tK4xhdITZkdcj5O0/TXogMbBu37enn19VRRgnRcmvjrvFT2ObQ+p/2dtJIjggIuFho49vSiiHKJ+E7L+j2Wd7ZGPfDAAAAQEWqxSCRx6gp7qFtNzG2/b/fuHpyjwa6JV2jhYK4k5tnT1oYaTkmNOiTRuLch8c2zJi48Miiz7YOOjm9ftn+01TLxNbOpMwmPuv6H9sv5DCWPl1dxYQUpyan8dyLs4H7zRt5NG1rn/0s5n7Evg2R1x/O+X5SSz1q6DVpZtyK9TsWTAgQCKEa1u0nfuFbnxUyTgQeyG03o3/5Bc9KCwoKSk9PL/nzwIEDDQ0NVX2ToG7R1tau6RKg2uEqqwNcZXVQ3VdZxS7SOfu//epItttXR/fMbSp9vZlq23WbHbS3oG3LGUOXNLu+pGWDXvMDN0S7+O4OPfBs+nTbd52yOPlayObNIX+lSxr4zxjSUEKIkJ2Rw2rIbNuOnzvZy0pCCCFc2uX/fbPq5NFNO1o3ntJMkzFuNW75ph7378akKPXtXBo7GksIKbwTsueu3cB1LXXe3RQUHh4eExNT8mdvb28rKyvVXjvUNZqauHVa9+EqqwNcZXVQ3VdZxb5B14+fzmAaTBzQRFp+p8TVp5/z4iVBQde+bekppnodvJqKd96OfkzI22KQIu1G2NYtIRGJRZq2XpNnTvSur0UJIdS0z6KdfcocyZq0GTui7ZWVFy6fvzuhWUsJIYSVWTdpa93k1RF8wqHtp0TeC73NKSFC7r19v24/ciNermvfotfIUb2ddV+3SAUGBv795+zs7L9bhkDd4NKrA1xldYCrrA6q6iobGxtXuF3FkWKFL+QC0ePfMlZM4HnCZ2ZkluymlCGkqLC44mMLn53euvrn43FFMseuE8aO7NXI4N0ju6h2Q1c79vyD5ORsgZi+2d4j5FwK2pfUbNx8ZwkRXtz+7avFx3iPrr37ixKunNj6dUzG4lWjXCrorQ0AAACgYgwSu7i5SgKu7Ntz7esWbd/s+lx4M2RfNCdu3sRZRAgh+Vcv3VKy9erbVHCe4rj9Sxf8ervQsv2EmZ/0bqj7xuSLgsATQiktG3ZYhqGEikQVLNxaHBMWdN3EZ7WnPiV8wuGAQ/KOc9dNbaFDCRnoaTp7zqGwiIHOnWXoNw0AAADlqTYLNGM/bKqPGf9g7cC+c4KuJxW+GrRelPpX8Nf9B6y4w1n4fjbSgUu4tH2+34Tfn7ONffo1LHcWLi5sfcBtuZ3PgpWf9y2XgQj/dM8s3wFDl57KFkpvLnwY/VTJGNnb65ZrCko5seNocecRfWxYQoS8+3diiYN7o5c9hCT1PVx1FUmJ6W9pwQIAAAB1p+JiGNTc/3+Bc1rrpp5ZOayVlZ6BVX0nJwdrQz2L5oOXnkg26LgoeOMgM5IYMmf890efa7T4csOsJuXamRT3jx57ojTyGj3MrcL2Gca6Vet6rDxyV0BE+qtFxfisGzt2XMgR1+/WtcEbN8+EgsjdIU+c/fzcNQkhhEpkOlLu8Z37BSUhqjj+bnSuyMzcqFLLfQAAAID6UHkxDWrstezMX14bv1/1S8jZ6MTYHEIIZbStWvt8+s2S2b3tpYTwUquWPpP6DJ85zadh+fFtfPKD6Exe0LobtPirkDd3ipsMWzCkkZ3PpEGR3+0+uXzqg8ZNnc3EeYkx96KS5LpNx80Y8OY6Ycq48J0XZL2XdXk1VZBm8/597a/uXjU3z7uDoyTxytGzCVb9J7Qr14YEAAAAQAip5JpiUtvuszZ3n7WpMPP589RcpVTf3MpS7/Ua74yF39o9fm97MJ+els4TIe951J3nb+6jUv0cnhBWy2XYkjUO4aEHzt28df5BsVjfsqH32I/8erubvNExSMg8t/NAdtup/R1evwCJ09Dvlhnv3B5+Ieym0sC+5djFo/qgfzQAAAC8zT9ZWpVqGFo7lJ57kHsYvv7P1BYfj+lg9vZbUKKmUwL2TXnvyTWsWvtNb/3WMPWqBMMuX+/oUm6rzNF70nfek977JAAAAACq9g16p8KHYSvmzfl8y1VFFZwMAAAA4L+hcgwSMi+tGdbCWiZmGPoGTZc5F4sYfUN99EYGAACA2kPFm2JC6p5PP/pyT6rASDQ1JYXyYkGsraclJkp5bkGRwJo06Tth6ex2FczsAwAAAPCBUq0BR0gK+zU8jZj13Xg3Kz8vYc8wC7HLF2fTs7LycuL2T3fXYOr1GdvT5t3TQQMAAAB8UFSLQYr7N+8WUTOf6aNdtChj0r1PW3H0letZAiFSm74rt0w3OTZndmAiJioEAACAWkTF1qC8nDyBNbexLLntpWnvYCk8ffy0ZJJDqcdgX+fcI78GxyMHAQAAQO2hWgyiOjIdyufl5JYEHdba1prERz98UbKXtbSxZBX3bz9QVleVAAAAAFVOtRgkcnV3FfNxR/b/JSeEEMbUob5u4fULkYWEEEL45OdJvMApOeGdJwEAAAD4kKi4tKrFgBHddLl7q/p1+njTdTkRN2/fWvps57crzjzPzbwTsGzbXaXYxc0FI8UAAACg9lBxqh/GcuRPG0c4StOu7Qm/80KgxgMm+VvlnV/oZa1n5DZ211PBtP+UYfaYNwgAAABqD5WTi8huWMBfd05uXzehhRYlVL/3urD1I1pYaIk1TZw6jv3pwNahFkhBAAAAUItUak0x7fpeI14t2EVlzSdvvzZ5u0AI1nAHAACAWki1Fpyi/eNtzBp/ca6CRcMoIULK775WZu5zL2JNMQAAAKg9VLyRVZybnp6Zr6h4KBifm5aYlvYkPhXzBgEAAEDt8a6bYvl7xzSecqSIEEKKsosERcBg2z8l5Q/ji3IyshWMgxU6BwEAAEAt8q4YJMizUpKTC//++4vM5BcVHkjFeq6Dv5nUEgPmAQAAoPZ4VwySDQ3JGcQJhJCivcPNRlwceSBmQ5cKmoMoIxKLWXSUBgAAgFrlnSPFGJFEKiKEEMa2Tf8Bus2sNKXSSg0tAwAAAPhgqZZqxO0+392umisBAAAA+E9VpnGHy42/dS0yJuVFhYuHsbYdBrevh17SAAAAUEuoGoOEjFNf9fNbGZH51vVTNfyCP2pfT1pVhQEAAABULxVjkPzMwvErL2fyWraevbq4WWiz5Q8RN3WsYCsAAADAB0q1GKS4EX4wnpc0mnX44uqOehgTBgAAAHWAan15ip8/S+FFbsPHeyIDAQAAQB2hUgwSCnJyOYHqyHQQggAAAKCuUCkGUcOmze1FipvHT6e9rYM0AAAAQC2j2k0xUfPZ66c2URycM3rNlUwsoAoAAAB1gWpdpLkn15/UH+TbZM2OLz3rb27ZrrmLnembo8XETcetHOuBSaYBAACgllAttij/+nXm9OCSRVZzHkccfhxR/hgNv07fIwYBAABAraHiYhotp2z5vQ/3zmNYO6wwDwAAALWIajGIse00YlSnai4FAAAA4L+ENcAAAABATVUqBgn5UXsXj+3d2tXe0sTYedYZBRcVvOaXYw9zMXgMAAAAah3VY5AyLnBUs2aDvvnt8NUHcUnpWbmFnMCnnF8/uWcTd79f7hVWY5EAAAAAVU/VGFQUucxvwo5HSguvz37ef2K5d8lK8iJXv2k+DdinYdP8F0bIq69KAAAAgCqnYgzKObh2/Y1Cg14/XTi2ZmK/9g4vlxajJh0+33Ni0wAT5YMt6w5mY4ppAAAAqD1Ui0GKm2cuZBNT3+kf25cbWsba+E/xtSQ5l8/dUlZ5eQAAAADVRbUB83xWRhbPOtnaVDgzkMjKxpzlozOyak9PaZFIxLLs+4+DukgqldZ0CVDtcJXVAa6yOqjuq6zivEHGpsYMlxifoCCu5cODIj7uOccYGBnUntH3DMMIAu7hqSmGqT3/UuGfwlVWB7jK6qC6r7KKs0h7eHUwXL8jdEPg/K5jbcsGIT5h96awFEHH19O99swiXVxcrFTiHp6aksvRnb/uw1VWB7jK6qCqrrK2tnaF21UMWTq9PpvRQiPz4FTvIcv3Xo3NURJCiMDlPT6xbmSPKfvSWadx0/vpV0mlAAAAAP8JVZdCFbvP2b3tce9xv4fM8w2ZRwihdGsv3Z85pSBQsWWPlbsWt9eqzjoBAAAAqpjqt9xEdv6/Xrke9v14bzdLbZYKgpKjevZtBs7++Uxk+EwPhCAAAACoXVRtDSKEEEJlzj5zt/jMJYQrzC/gJDraEvRPAwAAgFrqH8YYVkNHV1tCCl8U1p5B8gAAAAClVSIGCbl3d80f1Mqp66r7XMmGzJ2+xkYNvadtvZ6JwecAAABQy6gcgwquLunZYfj3odfisopeZR5GU5PNiTn+08TOXeedy0USAgAAgNpExRjE3d8wbVlErm7LadsvHfy8UcnMQdRwWHD8/ZDP2xnKb62dvvY25uEBAACAWkS1GMRFhQX/VaTh+W3QuhEtLDRe72D1nH1XBC7y0lLeCwu7jxwEAAAAtYdqMUgZ+zBWydp37GhbwfGMVfsOjiz39MlTroqLAwAAAKg+qsUgKpFIKFEqFBXvLiosIlQqldAqLAwAAACgeqkWg8SNm7tJuSf7dl8uKL/zxbXgfY84cSMP10pNQgQAAABQo1RsDbLw/dTXgo9Z7z/gmz+jcv6++SUUxB5d5uf/QxRv1GecrzXmUgQAAIDaQ8UGHGo8YO3vM+4NXHdi8UDXlQb2DRtY6LKF6U+iHqYUcETq+PGmH4eY454YAAAA1CIqN+BQk+5rzl0JmvdREyMh68ntKxcvXIqMSinUtPOa9L8zl7cNsmars0wAAACAqlaZ7jxUx9V/2V7/JQWJ0Q9iU3KVUkNrJ1cHI0m1FQcAAABQfVSKQUL21e2bjyc5+Mz0aywljLalSwtLl+quDAAAAKBaqXRTjGqmnV71zTebzqVjIVUAAACoK1TrGyRp1dvbhLt1+nwWFg4DAACAOkLFAfMmvut+n25/at6kLXfykIQAAACgLlCtizT35NSBpw2HjWqwbnpzu7XtOrd2tjTQFJUdIC/2GL1slDtmUAQAAIBaQrXYorzxy9RJwYUlf4k+uzf6bPljNPw8FyMGAQAAQK2hWmwRtZi0eWuPdy8gL7JvgQwEAAAAtYdqyYW16zJqXDVXAgAAAPCfwjJgAAAAoKYqFYOE/Ki9i8f2bu1qb2li7DzrjIKLCl7zy7GHuZhOCAAAAGod1WOQMi5wVLNmg7757fDVB3FJ6Vm5hZzAp5xfP7lnE3e/X+4VVmORAAAAAFVP1RhUFLnMb8KOR0oLr89+3n9iubeUEEKIyNVvmk8D9mnYNP+FEfLqqxIAAACgyqkYg3IOrl1/o9Cg108Xjq2Z2K+9g17JnEHUpMPne05sGmCifLBl3cFsTKwIAAAAtYdqMUhx88yFbGLqO/1j+3JDy1gb/ym+liTn8rlb7x5RDwAAAPAhUS0G8VkZWTxrZWsjrmivyMrGnOWzMrLQUxoAAABqD9ViEGNsasxwifEJior2KuLjnnOMgZEBRt8DAABA7aFachF7eHUwJCmhGwKfcm/u4xN2bwpLEXRae7pX2FYEAAAA8EFSsQFHp9dnM1poZB6c6j1k+d6rsTlKQggRuLzHJ9aN7DFlXzrrNG56P/3qLBQAAACgaqm6DJjYfc7ubY97j/s9ZJ5vyDxCCKVbe+n+zCkFgYote6zctbi9VnXWCQAAAFDFVO/OI7Lz//XK9bDvx3u7WWqzVBCUHNWzbzNw9s9nIsNneiAEAQAAQO1SqUXhqczZZ+4Wn7mEcIX5BZxER1uCXtEAAABQS70vBvEFz29fuR6dmMtrmzu1aNvURochhBBWQ0e3miric2OO7Qo8dDkqMZ/Rr9eko89wvw71NOnr/fmJUfcfpir17Vxc7AwkZR7LPdu3aPFVt/mLfO3YaioPAAAA6op3xCAh68r6KeMX7rmXzZVMD01ZQ/dRq3dsGNOo2u6ACXl/bZ239GACY+ra3NNE8ezWtdA1t++nLlk0yEFCCBEyr/+xcv2+B9mcQAjVtOk0Yc7UbvVeRSEh51JQaKzjhM9skYEAAADgvd4ag7iHm/17f3Y8kyeEinQMdfnsrBdc5s1t47vnSq/uHmZdLXfDiqNDtxxOYJyGLls8xFGDECH72sa5y47t2Xas/ZK+5iTr9KYf9iU5jVg8qaejJCki4IeNm36wclztX9L0UxwdtivSbMDqdnr0fc8DAAAA8PYu0qfXLjuVKYjtB224mJCXm56Rl/Pk+FJvc4ZPCluw5mJRtRRT/OD02eeCUefhHzlqEEIIofothvl6SIvunzqfwJMXty7flDsN/GSgm5m2loFjl09GtNN4euV6Ik8IIULy8R1HFF4jetmgKQgAAABU8dYYdOJ0Msdaj960bWo7Sw1KCKNt123e9jUDDBku/tTJqOpYPox7dvdeNtFq3MxF+vc2qu/ezIHlnt69n1tyZ04otX4rSwnhOYEQIuRf3xMa6zp4kJtmNRQGAAAAddFbY9DzJI5qt+/ZQVZqGzXp2rOFmPCZ6ZnVsZi8IjEhlWfMrK1Kz0ZNDa0stSmX9DyZ13Jr467xMGxz6O2UF4U5T85sCbhYaNO6pRVDlLHhOy/o9hnR2Rj3wwAAAEBFb+0bVFQsUEN9/bL7qZ6+HiVE4IVqiEHCi/x8TmBkerIyWYbK9HQYITcvn6fOXpNmxq1Yv2PBhACBEKph3X7iF771WSHjROCB3HYz+ttXavg/AAAAqLd3BofyTSu0OltbiouLBUJE4jdqYkUiQoqKigRCGONW45Zv6nH/bkyKUt/OpbGjsYSQwjshe+7aDVzXUufdxc2cOTM2Nrbkz2vWrLG3t6+m1wEfOAMDg5ouAaodrrI6wFVWB9V9lT+k9hOJREIJ4RRv9DvilEpCxGLxy5DDyqybtLVu8movn3Bo+ymR90Jvc0qIkHtv36/bj9yIl+vat+g1clRvZ93Xd/3s7e01NEq6XhOxWKxUVkH/plGjRv37k3yAWJYViUQdfhROAAAXX0lEQVTFxcVCdbT71bTKXvq6epVFIhHLskVF1TPgoabhKpcQi8WU0uLi4poupFrgKpeQSCSCICgUipoupFpUyZc1IYRlKx5A9QHFIKol02Epn5eXLxD91w07Ql5uPk+1ZToVdWMSci4F7UtqNm6+s4QIL27/9tXiY7xH1979RQlXTmz9OiZj8apRLi+TD5kxY8bfj8vOzs7Ly6ve11ObaWlpiUSivLy8OhmDoISOjg7DMPiPULfp6elRSnGV6zZDQ0OFQoGr/G5SqbTC7e+MQYXPrh0/qih9iOJmCl/RdkIIa+7Rxd3s30wnJDa3NGH41OfJSmL99+zQQnZSUgFh7awsKjh1cUxY0HUTn9We+pTwCYcDDsk7zl03tYUOJWSgp+nsOYfCIgY6d5ah3zQAAACU964YxGccmNv3QAU7Ktyu4RecvWdQxWFLNWy9Jq56Icfv3XyoaNHo5WgxIf/e7cccU69J4/KTIgopJ3YcLe48p48NS4iQd/9OLHHo3+hlDyFJfQ9X3X33E9N5IsNMQgAAAFDeW2OQkbW1dWFlzqRh9K+n7JG4du1keeLP08En+jr3MmcJIfLosLBIudS1a8dy01YLBZG7Q544D5nhrkkIIVQi05FyUXfuF3Rork0JKY6/G50rMjM3wuKvAAAAUKG3xqBND59t+i8LIYQQImk4aEKPq0sP/zJn3oNO7sZFsVfOXksQu44a523+ZluQMi585wVZ72VdXk0VpNm8f1/7q7tXzc3z7uAoSbxy9GyCVf8J7XRxRwwAAAAqRD+4PrB89r0D2wOPXH2YImf1rBu1HzByaCdbzTfCjJB5aun07dpT189sIyvdm/rR8Z3bw6/GpCkN7Fv0+nhUHxe9ihuDsrOzq6rzeZ2kpaWlpaWVkZHxwf3zgKqjo6MjlUozMjJquhCoRiVdpLOzs2u6EKhG6CKtCmNj4wq3f3gx6D+BGPRuiEHqADFIHSAGqQPEIFW8LQah5wwAAACoKcQgAAAAUFOIQQAAAKCmEIMAAABATSEGAQAAgJpCDAIAAAA1hRgEAAAAagoxCAAAANSUmk6fmJeXx3FcTVfx4crLy8vNzbWwsGAYBOU6Kzs7Wy6XW1hY1HQhUI0yMjI4jjM1Na3pQqAaJScnS6VSAwODmi7kg6avr1/hdjWNQfBu27Zt27hx48mTJ/X09Gq6FqguixYtOn369OnTp2u6EKhGn3zySUFBwY4dO2q6EKhGffr0adKkyfLly2u6kFoJv/UBAABATSEGAQAAgJoS1XQB8CEyNjZ2cXFhWbamC4FqZGFh4eTkVNNVQPWytbWVy+U1XQVUL0dHRysrq5quorZC3yAAAABQU7gpBgAAAGoKMQgAAADUFPoGQcW42ANr/0jtNHtMKxmt6Vqgigny+At7gw9duvM0Na9YpGfp1Lybr38fN2P0BatLipOu7g368/ytJyl5SpGeuaNHJx9/n5bmkpquC6qF8CL6WPDFoqa+/dz08JFdKWgNggoV3j8RfvFObIaypguBqibIowIXfL56z7knCkv39h1aOmpl3j7267dfrDyVjBlF6wwu8cj3Xy4NOvtYYenRwcuzidGLqFPbl3zx/dFEvqZLg2og5EX+tmbz3vBzD/PR27ey0BoEb+IKEu+e2v6/Q8k8g5ln6x4+fv/m0IfFxu1nLZ3Z2VxMCOFz7gYuXRIc8dv2iJafe6Lxry54Ebkn6EauXqvJy7/oYSkhhJDCR7u/mR94IzD0r87Tmktruj6oUkLW5S0bjydzAtpz/wm0BkEpXEzQ7JH+wz5dsOViMocfFXURn3Tt6lNO5DpgVCdzcckmRq/x4JFdTGhuZMS94pqtDqoG9/iv2znUtONH3Sxf3QPTcOzXr5mU5MZEP0ejX90ipJ/ZvPl8sUyXwU+YfwQxCEqheg069PEdMmTo0IGtLfHDoi7iU5JTeWro4GhU+iNTbGZhwgiK3Bw5wm9dwDGGDZq38mxiWfoDXiQSMYQwDIsvy7qESz7y09aroo4ThzYR13QttRRuikEpjFmLAUNaEEKEvBMx4VfSaroeqHKss/+SH/uKDMqmXPmTR885qmNqpo2vyLpA0shvXqOym4qenTh+S86Yu7tb4Mdv3aF8Fr7+j1va3b4a36Z484aarqaWQgwCUCdUy8TWzqTMJj7r+h/bL+Qwlj5dXfF7so4R0iN2BJyJTX/+KCa+yLT9hM+HuWCoWJ1R/Dj0x8Aog57fjm4uo5druppaCzEIQI0VJ18L2bw55K90SQP/GUMa4huyrhGKMp49iYvPzcpTUA2qyMnM4+pr4H53nVAYtWt9cKxpv0Ufu2tToqjpcmovxCAA9aRIuxG2dUtIRGKRpq3X5JkTvetr4Y5YncNY9Zn/Ux9CuNxHx39e+fOu5alk5Zqh9RGEajvhxZ3t6/98bj1w2bBGmjVdTC2HGASgfgqfnd66+ufjcUUyx64Txo7s1cgA34t1G6vr2GPS8L8i1145e+7x4PpOuN61m/x2wIZD6fWHfD/YCbMf/FuIQQBqpjhu/9IFv94utGw/YeYnvRvqosdsXcM93L8u5L5e+7HjOpi+buGjWhaWBoyQlZXNE4IYVKsJefFP07nC5J2zBu0ssyPmj08H/EH1vL/9bWozfLurCG8UgFrh4sLWB9yW2/l8s2SMG+ZKrJtE+XFXL6exHYZ1MNV6vbUwNTmLZwwM9BF8az1Nm+ZdupqXngFKSL179m6qjkOb5rba2s5G+J+tOsQgAHWiuH/02BOlUffRw5CB6iy2XquWlsGh18PCopoOcy7p8iXk3t4VfE3OmPdoY4+moNqOyjwGTfUos0lxadXFu+lmnh9P97VCzq0UxCAANcInP4jO5AWtu0GLvwp5c6e4ybAFQxrhO7L2Yx0+Gt8zYumhPV99Gunh4WBIcxMf3r2fkC+p/9HkQQ0xKwJAKYhBAGqET09L54mQ9zzqzvM391Gpfg56jdQNVNZ04opl9ntCj115cOV0vlKkZ+7YaWhv3wFtbTTQCAhQGhUEzJ4PAAAA6gj3EAEAAEBNIQYBAACAmkIMAgAAADWFGAQAAABqCjEIAAAA1BRiEAAAAKgpxCAAAABQU4hBAAAAoKYQgwDgTd+4iWl5DCvRMrB0bjdwxk+nnhWXOpyLWdFaQiUtlt7n3nrKf4BP+F8XKRW7zLumfP/BBY8O/Th7eFd3e3MDLamGzMjGtf1HU1aG3c3G/LAA8A5YTAMAKkSlukYySakNglKel5scfTksOmJ/4L5VJ/fPctOssepKEbIjVg3z++ZIQpFACGU1dLTZwuznDy4mPLi479f/9V35Z9D0ptqVOqMi7mzoxecaDbv1b2GKn4oAdRr+iwNARajmgG0JaaWlZ+W/yHp4ZLG3OcOnn1wwa1scX3IoY9JlxsrVK2Z2M6uBDxT5zRX9esw9/JzW6zHn93OPsgrluTkF8pz4yH2rRzXVU8Qf+Mxn8p9plWsTkl9YO2bExzMCHlRp6xYAfIAQgwBAZayuQ4+vAlb00aXCi0vhJ16mC2rQctjM2bNGtDb6z5ftlF/+bsTCi3nSRp/ujTi0fFQHBz0RIYSwOtbN+s/+7cyBL9wl/LPAr3+8ofivKwOAWgExCAAqhZp4dmwkJgKXkpjK12wpfGLQ0s33i1mXaVtW9TIv92lGddvNmOqlSZVRu4Ou14EcVJybW1jTNQDUNYhBAFBJgiAQQqi+oX5J6w//9MeO0pddpF8c+8SapaJ6U0698Y0tpAb012UYaZsV0RwhhHDp1wO+HtHV3dZYpiGR6hjbeXQfvSj4Xl4lbl/xiX/uPJFLpO0mftpaq8IjqPmgVXt379r5fX/zV4ntPc+bHzRQk+qN3F9IuPgNnSWUtZ586mV3cCH3XvCi0d3d6xnpaOqaOzTtPnZZyJ2sckmwIDp04bD2DUxlmjJTpw4jV5xMkp+ZVk8kcvz8UukoJo879sOUfi0dTHU1NWQmdk17jlu6N6r0qxfSf+2lQTW8f07m0i+sHdbSWqbfZcPjpN/7yRhGd8D29LJvFBe9orWUYS3HHcpX/Q0EAEIEAICyFjQREarlH1JY0U4+cVtfXUpEDedcKS7ZwsWt6yAh4uZL7ikFQX56qi1LWOtPT8jLPmprT21KtbpvesYJgjI2cFh9KSWEahjZN3J3c7Y10qCUEEavw6rbRS8fwj37yUtCRM5zryoqLjNn1yAZJWL3724rVXxh73/ewqubp00a29WOJVSnic/ESZPnBkYpBUFQxO4a5axJCaGstpmDs4OpFksJoZrOH++Ief028ZnnvmqtyxBCNYzrN2rkaKrFUIldnyGdjRnWYfbF4leHZZz9uq0BQwhltEwdGzd2MtdmKSFUu8nk8ETu1UFpW3tKibTb2v0L2+iyOtYeHXtP3x2vTA3w0aVU1j8gjS/9wm5/5yEmrN2002XedQB4H8QgAHjTW2KQUp7x+GLALE9jhkobTNif8up7uEwMEoouznZkCWs96Xipb2QufmNXTUr1B+5M4wXhxdGJlgxhzHuvvZL2MuIos+5sHVyPJazt9LOv0tV7YpAyankrMaEaA4PyVXxdqj2vIORs769B2HrTzrzaori/pr2MUk3noRsuJJc8UpF29efhThqUajZbGFmS3Pjso5PsWcpa9Fp1KVUpCILAZf212c9eTAkhr2MQnxk+1oYlVNb006D7uZwgCAKf//DP2W30GcKYfLT9eUkQKolBrHk9W0ffjTey/k5H6Ts/0qNU1v+P1Nc5SHFtnouodDIFABXhphgAVER4sXuQRtmJg0SaRg6eH6+7Juu74uj5Tf1MK+4QLWk1xM9JxCUdCL3w930xPj5s18VCajZgTD9jSvicfJ1m3r2Hf/P9tFbGLyftYPUbjxzdzYDhU5NV7XEk5GTlCIRo6uioOPHHP37egpM/rL2UL2397d4/pnqalTxSZNxy4q9BXzQRFd78Zcu5IkIIn7Rn7Y44waD/qt9mtzVhCSGE0ff4ZMtPH1uxpauID1wblMBrdVi0e8MQFxlDCCFU29Fn5Z6V3npC+sEf/4guNUCNS5V7rtgyqan+q89qathrcHc9kn869PDf98WKrwTtiVGKGw8b3lys2lsBAC8hBgFAhahU17gsQz1NESWC4tnF4ODz8W/tcyzy8B/sKuISw0POy0u2cI9DdkUUMbaDx3STEUIY84Frwg8fDPjU7XV+UWRFHQy/kiMIgsqdg6hMV4cSUpifr8L0iuRfPK/ixuHjyby4zfBhDcumDKlbv971WT710oVoJSH5549dKiDaXv79zEoHRL2ufj2NS33S5l06ea2QaHQeNdyxdDoijI3/6O46RHH3zIVS4/upZvs+XQ1Kn4/q9xzcQ5/mnw55lYMKLwSGxPHSliOGuZY5IwC8H6ZPBICKUM0B2xJ2+UrLbOQLnp76Yfzwb09sHDu1meeBsRYVNgiJGvv7eyy7c+NA6AV59+6ahIsJ2X1dwbqMGN1O49UxQv6jk3uCj1y6+eBR7NOnT58+TytQCAIhRPUvcsbM2lJMIxVPYp5wpMlbHiekXdq+43Iate0+YZCb9j973hdPY5M5UnxmWj12WoWFpKek8YRLfBJXKLD2DnZvdNcW2TewZUn6y79xKfHPiwTGuqGT/ptvnpaTiy0rRD2PT+KI+cvPZsbA0uKN81F978E9DYJ3nQk5nD7yYxNacDowLIHX7DJicH2kIIDKQgwCAJUx2rbd5q2fuc99fuS5w+fyx/rLKjyMdfLzb/Fd5JUDIefl3b0l94N331JKWo4a+aoVJj9y7WCfeUcSlVpWHu3aenRt52Pv4NTYTR7Qd8z2XJWLofqendzF4REPjp94+nWT+hU3beedXjdtdnC+6YTDnw5y+2fPK3BKpUCopIH3qK72FQUNquNpwRKiVJa0Sr2ZbijDlH7Uq5aeChIkwzCEEJ4rPWujWFz+Ppde98G9DHfvPBNyKH3kKOnxwP0pgqzvSF9rtO4DVBpiEABUCmvv2lCLXpenpmTxRFbxNy/rMGho2wUR5w+Enpd7Ge3efU+p1XX0UIeSNMBFbZwy/0iSjtfSQ8FzWhv+fYbiY3sqN/0iY+fj1/qbiPMRm9efH7+uUwWRTMg8svdUvkBlnl4tJFzUj//oeamOpZUeI+TYDVy8caLZWw8VzKwsRPRWctxTOWlVuhZl/JP418GGNbO2lNBrKTEPcwRP4zJnK3wcE89R1sLa4n15RtZtcB/jwIDToYdS+2rsPJhODP1H9jf5zyevBKgD8OsBACqHkWpIKBFyc3Lf3p2GqTdwaAdNIflAyMkLu4NjeP3eYwZZvvy4Kb4bebdYkLQb9WmpLEIInxYb944zVoR1HPf1yHos93Dj+GkhT8v1EBKyTn23MCyTZywHjultQP/x84pbeHXQpcVXQvfGlV1dQ3FvTfd6ltatFlxREEINO3ZtKiX5p0IOlZnTJ/9syOHkUr2vdT29WkiJ/ExAUGyZs/GJIb8fySUi184dy88E+SadLn59TGnB6eA/tu04mk3NfEb2LHePDQBUgBgEAJVEKSWEz83OeceQLsZywFAvbSH5z/kzgx7z5gPH9DF89TUtMrc0ZUjx9X1hT4peblIkXdw0vu+ck3KBkOKi4redtDzd7iu2f+6hqXwUMKxt1+k/n4jOVBBCiFCUcmvfymHtB2x4UEzN+i35prcerezzCkXywpIXSA0HzBzfUJx3/IsBkwJuZZWEFz7n7vbJQ749mZBl3m9QMzEhhHUYM394PSYj9PPxP0WWTKso5N37fdKU354J9OW7RghhbIfP9LOgBWe/9v9s76OCl72cnx7+2n/2wSxi1GfWWFU6Omt7De5rRguOf7fwaD5Tb9DILjqqv2kAUErNjtcHgA/QO6dPFBSRX7mKCJV2Wh9XMplN2XmDXuHTdnykRwkhhHWYdb70qRTRP3U3ZAihmhaNPbt08XSzN9JgxDY9pw5tIiZUat1u8ILwRO790ye+pEw8Oq+9MUsJIYRSkZa+ga6UKYkcVGLTe3VENl+p5xWEwkNjTRhCteq17N576LpIhSAIBTd+6GEhooRQDWMHt6ZuDcy0WUqoyLrfprulpk/Mvbqml7WYUkbL3LlpU1crGcta9F0wtY2EiBp9fePV6+DTT85pqccQQlmZlWvTZo1s9ESUEKrjNuXAG9MnsvYzz1c8F9CLY59YMYQQTBcE8G+gNQgAKkfk4tnWmBGKzi+asT3h7Q1C1KjP0J4GDCGiRiNGtyk94kzkNDn07I65vq0sih9fu3jtodyy68zfIv468OOapZPbWIpSb5y5kVj01vOWw1p4LzsTfT1oyUSftk4Wuow8v0hiYNWow8Apq/beuB0+u7UereTzSrt+uXZcu3qS1L/OXbyXUigQQrSazgyPPLP5M9+29di0mLvRydS6zaAvtpyPDJvU6PVro7KWn+2POLBslLeLRkrMk1yzbvNCzu8aYqEQCJXpyV61h1GjLsvPRIavnNjT3ajo6b27sQV6jbqPXbr32oUNfd7bL+gVzQ5+/a1YQjBdEMC/QQXVZ+kAAIC34vLTUnIUrMzETLd0LCk8NK5ev9+K/EOTAj+qeOmzf0Z+crJzj80prVfdPTfbEUPlAf4ZtAYBAFSJ/PBJDW2sHUcElekinXs67HimoNnWq41mVT6ZkH14W0gCr9kB0wUB/BuIQQAAVULXe7iPOS049NWYlUej0goUioLkO+FLhk78PYHYDJk2yLwKh3IJOeeXLgxNJ/o9Rw/CdEEA/wJuigEAVBEh/dSCgUNWXEhTlloOQ2rT87vdgV+2rZoR7ULi5t5u8y+/yM2V8xruX5+9sqil9P2PAoC3wPSJAABVhBp3WXI6auiRkLAzN+MyFFIDq4atuvn0a29bhX2CJMZmMkVRsZnHwInLfvwKGQjg30FrEAAAAKgp3FQGAAAANYUYBAAAAGoKMQgAAADUFGIQAAAAqCnEIAAAAFBTiEEAAACgphCDAAAAQE0hBgEAAICa+j/Dqi1HUh/I3wAAAABJRU5ErkJggg==\" />

<!-- rnb-plot-end -->
"
